area_code,area_name,pref_name,area_level,pop_1980,pop_2000,pop_2010,pop_2020,pop_latest,pop_latest_year,pop_chg_1980_2020,pop_chg_2000_2020,pop_2030,pop_2040,pop_2050,pop_chg_2020_2050,households_2000,households_2020,households_chg_2000_2020,avg_household_size_2020,single_household_share_2020,young_2020,working_2020,old_2020,aging_rate_2020,old_2050_raw,aging_rate_2050,social_change,social_change_year,natural_change,natural_change_year,consumption_month,housing_cost_month,consumption_year
00000,全国,,national,117060396.0,126925843.0,128057352.0,126146099.0,123802000.0,2024,7.761551566936431,-0.6143303692692448,120115783.0,112837404.0,104686386.0,-17.011792810176395,46782383.0,55704949.0,19.072491454742703,2.2109883809425983,37.96977177018868,14955692.0,72922764.0,35335805.0,28.7,,37.137805101037685,0.0,2025,-848728.0,2023,314001.0,18665.0,2025
01000,北海道,北海道,pref,5575989.0,5683062.0,5506419.0,5224614.0,5043000.0,2024,-6.301572689616142,-8.066918854659688,4791556.0,4319217.0,3820016.0,-26.88424446284453,2277968.0,2469063.0,8.388836015255707,2.038319394847357,40.49410646872923,555804.0,2945727.0,1664023.0,32.2,1627831.0,42.61319847874982,-5162.0,2025,-50690.0,2023,300210.0,28210.0,2025
02000,青森県,青森県,pref,1523907.0,1475728.0,1373339.0,1237984.0,1165000.0,2024,-18.762496661541682,-16.11028590634589,1076878.0,914275.0,754751.0,-39.033864734923874,504373.0,509649.0,1.046051235890899,2.3379502363391276,33.14379111898581,129112.0,676167.0,412943.0,33.9,365429.0,48.41716009650865,-4542.0,2025,-15139.0,2023,273855.0,20462.0,2025
03000,岩手県,岩手県,pref,1421927.0,1416180.0,1330147.0,1210534.0,1145000.0,2024,-14.866656305140836,-14.521176686579384,1066088.0,923684.0,783242.0,-35.297810718245,474660.0,490828.0,3.406227615556401,2.392092545657542,33.268273203647716,132447.0,658816.0,404359.0,33.8,359135.0,45.852367467526,-3967.0,2025,-14180.0,2023,311191.0,25209.0,2025
04000,宮城県,宮城県,pref,2082320.0,2365320.0,2348165.0,2301996.0,2248000.0,2024,10.54957931537901,-2.677185327989451,2172047.0,2014339.0,1829565.0,-20.52266815407151,831669.0,980549.0,17.90135258137553,2.2960504778445543,36.94409968293272,268428.0,1346845.0,638984.0,28.3,720225.0,39.36591484861155,-2046.0,2025,-16312.0,2023,297898.0,21372.0,2025
05000,秋田県,秋田県,pref,1256745.0,1189279.0,1085997.0,959502.0,897000.0,2024,-23.651814807299807,-19.320697666401244,818711.0,686200.0,560429.0,-41.59167985058916,388424.0,383531.0,-1.2597058884106005,2.4087022952512314,30.550072875465084,92673.0,500687.0,357568.0,37.6,279900.0,49.943882275899355,-3836.0,2025,-13906.0,2023,282983.0,12205.0,2025
06000,山形県,山形県,pref,1251917.0,1244147.0,1168924.0,1068027.0,1011000.0,2024,-14.688673450396472,-14.155883508942269,945122.0,827776.0,710838.0,-33.44381743158179,376219.0,396792.0,5.468357525802792,2.6092335530958284,28.42572430895784,120086.0,578819.0,359554.0,34.0,314811.0,44.28730596844851,-4281.0,2025,-11824.0,2023,344225.0,18185.0,2025
07000,福島県,福島県,pref,2035272.0,2126935.0,2029064.0,1833152.0,1743000.0,2024,-9.930859364252054,-13.812504848526164,1640431.0,1449067.0,1247000.0,-31.975089899801002,686225.0,740089.0,7.849320558125972,2.417210632775247,33.14939149210433,206152.0,1020241.0,572825.0,31.8,551059.0,44.19077786688052,-7197.0,2025,-18495.0,2023,327778.0,18000.0,2025
08000,茨城県,茨城県,pref,2558007.0,2985676.0,2969770.0,2867009.0,2806000.0,2024,12.079794934103006,-3.974543788408391,2687850.0,2473182.0,2245065.0,-21.693130366873625,983817.0,1181598.0,20.10343387032345,2.3721773395012518,32.647313214815874,333741.0,1638165.0,839907.0,29.9,899090.0,40.047392837178435,-5960.0,2025,-22705.0,2023,323499.0,10767.0,2025
09000,栃木県,栃木県,pref,1792201.0,2004817.0,2007683.0,1933146.0,1885000.0,2024,7.864352268523445,-3.5749397575938313,1801696.0,1658322.0,1502202.0,-22.292366950038954,665934.0,795449.0,19.448624037817552,2.3781348647116283,32.906823693285176,227553.0,1115611.0,554381.0,29.2,595339.0,39.63108822914628,-2011.0,2025,-15091.0,2023,316585.0,13764.0,2025
10000,群馬県,群馬県,pref,1848562.0,2024852.0,2008068.0,1939110.0,1890000.0,2024,4.898293917109631,-4.234482322658639,1814568.0,1672913.0,1520630.0,-21.581034598346662,690972.0,803215.0,16.244218289597832,2.346705427562981,32.38236337717797,224304.0,1096231.0,576729.0,30.4,608748.0,40.03261805962002,-1516.0,2025,-16793.0,2023,301956.0,12671.0,2025
11000,埼玉県,埼玉県,pref,5420480.0,6938006.0,7194556.0,7344765.0,7332000.0,2024,35.500269348839964,5.862765180658536,7224481.0,6952930.0,6633932.0,-9.678090449456178,2470487.0,3157627.0,27.813949233491208,2.2817628554607623,33.95394706214508,858384.0,4335188.0,1934994.0,27.1,2352016.0,35.45432784056273,22427.0,2025,-41489.0,2023,358031.0,11989.0,2025
12000,千葉県,千葉県,pref,4735424.0,5926285.0,6216289.0,6284480.0,6251000.0,2024,32.71208660512765,6.04417438580831,6178890.0,5955795.0,5690156.0,-9.457011558633333,2164117.0,2767661.0,27.888695481806213,2.2279263970551306,36.25588538480688,734496.0,3715691.0,1699991.0,27.6,2022041.0,35.53577441462062,7836.0,2025,-37344.0,2023,342397.0,17368.0,2025
13000,東京都,東京都,pref,11618281.0,12064101.0,13159388.0,14047594.0,14178000.0,2024,20.909401313326814,16.44128310928432,14348591.0,14507419.0,14399144.0,2.50256378423237,5371057.0,7216650.0,34.36182114619153,1.9176734357354175,50.24228693368807,1566840.0,8944193.0,3107822.0,22.8,4258778.0,29.57660538709801,65219.0,2025,-50893.0,2023,357613.0,28050.0,2025
14000,神奈川県,神奈川県,pref,6924348.0,8489974.0,9048331.0,9237337.0,9225000.0,2024,33.403708190287375,8.802889149012705,9121807.0,8869022.0,8524492.0,-7.716996792473852,3318332.0,4210122.0,26.87464665982788,2.1519276638539218,39.21480185134777,1085763.0,5628918.0,2308578.0,25.6,2981400.0,34.974518129643386,28052.0,2025,-44753.0,2023,332212.0,30721.0,2025
15000,新潟県,新潟県,pref,2451357.0,2475733.0,2374450.0,2201272.0,2099000.0,2024,-10.201900416789556,-11.086050070827513,1974466.0,1750660.0,1525004.0,-30.721691821819384,791880.0,862796.0,8.955397282416522,2.481705988437591,30.85109342185175,247480.0,1210917.0,715935.0,32.9,658557.0,43.1839523043874,-6379.0,2025,-22269.0,2023,286580.0,9700.0,2025
16000,富山県,富山県,pref,1103459.0,1120851.0,1093247.0,1034814.0,997000.0,2024,-6.220892665699407,-7.676042578362329,942404.0,851912.0,761719.0,-26.39073302062013,356361.0,403007.0,13.089535611360393,2.500537211512455,29.65779750723933,115177.0,568052.0,333008.0,32.8,315160.0,41.37483770261737,-2324.0,2025,-9583.0,2023,345289.0,15807.0,2025
17000,石川県,石川県,pref,1119304.0,1180977.0,1169788.0,1132526.0,1098000.0,2024,1.181269789083217,-4.102620118766076,1056997.0,978926.0,896801.0,-20.8140916853123,406618.0,468835.0,15.30109340953918,2.3405057216291447,34.66699371847238,137096.0,641383.0,333660.0,30.0,343640.0,38.31842292771752,-2774.0,2025,-7989.0,2023,293071.0,14675.0,2025
18000,福井県,福井県,pref,794354.0,828944.0,806314.0,766863.0,739000.0,2024,-3.460799593128505,-7.489166940106928,702719.0,639182.0,572885.0,-25.295000541165756,258328.0,290692.0,12.528258647920465,2.567858764603085,29.681587384585743,95544.0,427984.0,232684.0,30.8,230967.0,40.31646840116254,-3157.0,2025,-5863.0,2023,296426.0,9650.0,2025
19000,山梨県,山梨県,pref,804256.0,888172.0,863075.0,809974.0,791000.0,2024,0.7109676520908659,-8.804375729025459,749394.0,681111.0,611586.0,-24.493131878307207,307916.0,338057.0,9.788708608841379,2.3356593710528104,32.5956865262367,91629.0,453633.0,245884.0,31.1,254887.0,41.676395470138296,-862.0,2025,-6870.0,2023,286991.0,17938.0,2025
20000,長野県,長野県,pref,2083934.0,2215168.0,2152449.0,2048011.0,1987000.0,2024,-1.7238069919680798,-7.546019082977007,1898742.0,1743383.0,1581949.0,-22.756811364782713,755840.0,829979.0,9.808821972904314,2.4079512855144527,31.025845232228765,242873.0,1118429.0,646942.0,32.2,658395.0,41.61923045559623,-1415.0,2025,-17298.0,2023,340712.0,24431.0,2025
21000,岐阜県,岐阜県,pref,1960107.0,2107700.0,2080773.0,1978742.0,1916000.0,2024,0.9507134049314692,-6.118422925463774,1819881.0,1645767.0,1468392.0,-25.79163933448625,678036.0,779029.0,14.894931832528059,2.4867315594156314,29.358984068629024,240520.0,1105215.0,593751.0,30.6,596118.0,40.596652664955954,-4528.0,2025,-15620.0,2023,291230.0,10237.0,2025
22000,静岡県,静岡県,pref,3446804.0,3767393.0,3765007.0,3633202.0,3527000.0,2024,5.407850286816429,-3.5619060713867667,3385506.0,3115777.0,2828823.0,-22.139671837679277,1278668.0,1480969.0,15.821229592044217,2.3977834782497136,31.884597179279243,438723.0,2071258.0,1084282.0,30.2,1120306.0,39.60325548823663,-6711.0,2025,-28957.0,2023,310712.0,20353.0,2025
23000,愛知県,愛知県,pref,6221638.0,7043300.0,7410719.0,7542415.0,7460000.0,2024,21.228766443820746,7.08637996393735,7345554.0,7049961.0,6676331.0,-11.482847337358127,2522824.0,3233126.0,28.15503578529457,2.292546284926724,36.34937209375694,973642.0,4502713.0,1864603.0,25.4,2304814.0,34.52216494358952,-2181.0,2025,-32155.0,2023,367889.0,23334.0,2025
24000,三重県,三重県,pref,1686936.0,1857339.0,1854724.0,1770254.0,1711000.0,2024,4.939013691094396,-4.68869710914378,1637434.0,1495820.0,1347202.0,-23.89781353410302,635382.0,741183.0,16.651557645636792,2.331459302223607,33.014518681621134,211090.0,997052.0,522073.0,30.2,533699.0,39.615365772913044,-5986.0,2025,-14220.0,2023,302927.0,19161.0,2025
25000,滋賀県,滋賀県,pref,1079898.0,1342832.0,1410777.0,1413610.0,1402000.0,2024,30.902177798273534,5.270800814993981,1376131.0,1309383.0,1222791.0,-13.498701905051602,439370.0,570529.0,29.851605708173068,2.4382862220851176,31.902146954843662,191369.0,824781.0,365311.0,26.4,448816.0,36.704228277767825,353.0,2025,-5706.0,2023,331463.0,18744.0,2025
26000,京都府,京都府,pref,2527330.0,2644391.0,2636092.0,2578087.0,2520000.0,2024,2.008324991196253,-2.5073447912959956,2445192.0,2267021.0,2075975.0,-19.476146460534494,1015468.0,1188903.0,17.079317122745373,2.122761907405398,41.198903527032904,293465.0,1467216.0,734493.0,29.4,799876.0,38.53013644191284,-3753.0,2025,-16853.0,2023,301345.0,16804.0,2025
27000,大阪府,大阪府,pref,8473446.0,8805081.0,8865245.0,8837685.0,8757000.0,2024,4.298593512013893,0.37028620179644367,8437625.0,7874440.0,7263182.0,-17.81578546870589,3454840.0,4126995.0,19.45545958712993,2.0983119679088538,41.849020897771865,1029499.0,5199504.0,2361723.0,27.5,2660053.0,36.62379656739979,15667.0,2025,-49672.0,2023,290595.0,17138.0,2025
28000,兵庫県,兵庫県,pref,5144892.0,5550574.0,5588133.0,5465002.0,5337000.0,2024,6.22189931294963,-1.541678392180701,5145276.0,4767373.0,4357576.0,-20.263963306875276,2035097.0,2399358.0,17.898950271166434,2.232057075267634,35.94757430946112,660205.0,3075863.0,1546543.0,29.3,1720852.0,39.49103813679899,-2102.0,2025,-33556.0,2023,276484.0,22039.0,2025
29000,奈良県,奈良県,pref,1209365.0,1442795.0,1400728.0,1324473.0,1285000.0,2024,9.51805286245262,-8.2008878600217,1214525.0,1083005.0,950365.0,-28.245800405142273,484954.0,543908.0,12.156616916243612,2.3772126903814614,29.270391316178472,154271.0,737675.0,414576.0,31.7,411164.0,43.26379864578346,-1070.0,2025,-10029.0,2023,318894.0,15123.0,2025
30000,和歌山県,和歌山県,pref,1087012.0,1069912.0,1002198.0,922584.0,880000.0,2024,-15.126603938134997,-13.770104457189003,827214.0,728026.0,631619.0,-31.538049651847423,379753.0,393489.0,3.6170879492722907,2.278145005324164,32.50611834130052,105360.0,503704.0,305500.0,33.4,275739.0,43.655906487930224,-2813.0,2025,-9634.0,2023,274374.0,15373.0,2025
31000,鳥取県,鳥取県,pref,604221.0,613289.0,588667.0,553407.0,531000.0,2024,-8.409836798125191,-9.764075338054322,502591.0,454497.0,405528.0,-26.72156297264039,199988.0,219069.0,9.541072464347856,2.4439468843149874,32.2460046834559,68330.0,300002.0,177046.0,32.5,165669.0,40.8526661537551,-2028.0,2025,-5027.0,2023,310194.0,11585.0,2025
32000,島根県,島根県,pref,784795.0,761503.0,717397.0,671126.0,642000.0,2024,-14.483909810842322,-11.868239521052448,610073.0,553085.0,496994.0,-25.94624556342624,256508.0,268462.0,4.660283499929818,2.403490996863616,33.1652151887418,81641.0,352656.0,227881.0,34.4,197369.0,39.7125518617931,-1721.0,2025,-6702.0,2023,321724.0,13686.0,2025
33000,岡山県,岡山県,pref,1871023.0,1950828.0,1945276.0,1888432.0,1831000.0,2024,0.9304535540183068,-3.198436766337165,1774408.0,1646360.0,1510460.0,-20.015123658146017,689733.0,799611.0,15.930512241693528,2.296535440357874,35.63307658348872,229352.0,1032394.0,557991.0,30.7,570385.0,37.762337301219496,-5594.0,2025,-13706.0,2023,303669.0,14928.0,2025
34000,広島県,広島県,pref,2739161.0,2878915.0,2860750.0,2799702.0,2714000.0,2024,2.210202321075694,-2.7514879737678966,2617878.0,2427975.0,2229527.0,-20.365560334635614,1095905.0,1241204.0,13.258357248119124,2.1956116802717363,37.29934805237495,352678.0,1580054.0,811931.0,29.6,833902.0,37.40264190565981,-9921.0,2025,-18881.0,2023,353116.0,17923.0,2025
35000,山口県,山口県,pref,1587079.0,1527964.0,1451338.0,1342059.0,1281000.0,2024,-15.438424930327976,-12.16684424502148,1198870.0,1059424.0,926183.0,-30.987907387082092,582437.0,597309.0,2.55340920992313,2.1660848907349464,36.531845326288405,153608.0,709992.0,459957.0,34.8,392145.0,42.339904748845534,-4907.0,2025,-14064.0,2023,311156.0,16476.0,2025
36000,徳島県,徳島県,pref,825261.0,824108.0,785491.0,719559.0,685000.0,2024,-12.808311552345252,-12.686322666446625,640164.0,560529.0,480669.0,-33.19950136125043,287897.0,307358.0,6.759709201554731,2.2559718634296164,35.64898261961621,77129.0,375657.0,238346.0,34.5,215236.0,44.77842340571162,-2447.0,2025,-7360.0,2023,296750.0,15731.0,2025
37000,香川県,香川県,pref,999864.0,1022890.0,995842.0,950244.0,917000.0,2024,-4.962674923789634,-7.102034431854842,874789.0,800036.0,724120.0,-23.796414394618647,363955.0,406062.0,11.569287411905327,2.2677620658914157,34.43267284306337,113757.0,518056.0,296533.0,31.9,287724.0,39.734298182621664,-2238.0,2025,-8288.0,2023,311675.0,11366.0,2025
38000,愛媛県,愛媛県,pref,1506637.0,1493092.0,1431493.0,1334841.0,1276000.0,2024,-11.402613901025926,-10.598878032967828,1203481.0,1073827.0,944634.0,-29.232470384113164,564959.0,599941.0,6.191953752396184,2.1585955952335314,37.46585080866286,153764.0,711738.0,434279.0,33.4,406346.0,43.01623697643743,-5694.0,2025,-13315.0,2023,284518.0,14846.0,2025
39000,高知県,高知県,pref,831275.0,813949.0,764456.0,691527.0,656000.0,2024,-16.811283871161763,-15.040500080471874,607856.0,527967.0,450980.0,-34.78490355401887,319298.0,314330.0,-1.555913284768462,2.1123119015047878,39.088537524257944,74946.0,362200.0,241787.0,35.6,205649.0,45.60047008736529,-2917.0,2025,-8058.0,2023,296546.0,17560.0,2025
40000,福岡県,福岡県,pref,4553461.0,5015699.0,5071968.0,5135214.0,5092000.0,2024,12.776061988891518,2.3828184267038255,4989131.0,4762029.0,4479021.0,-12.778299015386697,1906862.0,2318479.0,21.586092753434706,2.150654372974696,40.67291530352442,662179.0,2911353.0,1395142.0,28.1,1571247.0,35.0801436296012,5136.0,2025,-28211.0,2023,304083.0,27571.0,2025
41000,佐賀県,佐賀県,pref,865574.0,876654.0,849788.0,811442.0,788000.0,2024,-6.253884705409362,-7.438738658581379,751906.0,687798.0,620873.0,-23.48522753320632,277606.0,311173.0,12.091597443859282,2.511789261921825,30.29825852500056,108241.0,443579.0,246061.0,30.8,243966.0,39.294026314560305,-1151.0,2025,-6055.0,2023,297182.0,16376.0,2025
42000,長崎県,長崎県,pref,1590564.0,1516523.0,1426779.0,1312317.0,1252000.0,2024,-17.493606041630517,-13.465407382545468,1158623.0,1012372.0,868817.0,-33.79518820528882,542985.0,556130.0,2.4208771881359503,2.2652689119450486,34.42900041357236,164303.0,706077.0,430353.0,33.1,377009.0,43.39337282764955,-5608.0,2025,-12067.0,2023,268613.0,15426.0,2025
43000,熊本県,熊本県,pref,1790327.0,1859344.0,1817426.0,1738301.0,1697000.0,2024,-2.9059495835118354,-6.509984166458704,1621541.0,1492907.0,1355329.0,-22.031397324168832,644963.0,716740.0,11.128855453723707,2.3422621871250384,33.89513631163323,228366.0,944198.0,540538.0,31.6,526522.0,38.848279642802595,-2333.0,2025,-13076.0,2023,308262.0,20838.0,2025
44000,大分県,大分県,pref,1228913.0,1221140.0,1196529.0,1123852.0,1085000.0,2024,-8.549099895598788,-7.96698167286306,1031171.0,936394.0,841343.0,-25.137562597210305,451697.0,487679.0,7.965959481687945,2.219217969196951,35.951722341950344,135272.0,596527.0,369192.0,33.5,340708.0,40.4957312297125,-2972.0,2025,-10497.0,2023,279266.0,19396.0,2025
45000,宮崎県,宮崎県,pref,1151587.0,1170007.0,1135233.0,1069576.0,1033000.0,2024,-7.121563546653443,-8.583794797808897,979129.0,888718.0,796631.0,-25.51899070285796,437493.0,468575.0,7.104570815990208,2.198380195272902,35.80558075014672,139773.0,568255.0,344543.0,32.7,325181.0,40.8195262298354,-3024.0,2025,-9710.0,2023,269458.0,13357.0,2025
46000,鹿児島県,鹿児島県,pref,1784623.0,1786194.0,1706242.0,1588256.0,1532000.0,2024,-11.003276322226041,-11.08155105212536,1447792.0,1309427.0,1170602.0,-26.296390506316357,714413.0,725855.0,1.6015945958430144,2.1057525263310164,38.94221297642091,205381.0,832194.0,505891.0,32.8,482627.0,41.228957408239516,-5003.0,2025,-14349.0,2023,307610.0,21225.0,2025
47000,沖縄県,沖縄県,pref,1106559.0,1318220.0,1392818.0,1467480.0,1466000.0,2024,32.61651660688676,11.322844441747204,1458604.0,1438171.0,1391013.0,-5.210769482377953,440095.0,613294.0,39.354912007634724,2.3319468313728815,37.43750957941868,243246.0,871154.0,324708.0,22.6,467696.0,33.622690801595674,-559.0,2025,-2561.0,2023,240265.0,28534.0,2025
